thread,comment_id,author,board,outcome
r/AskElectronics 1dyi62v,post,alphanimal,original (THA1),fixed
r/AskElectronics 1dyi62v,ld4fifv,Positive-Bee4715,not stated,fixed
r/AskElectronics 1dyi62v,ldigy80,MIK3SKIII,not stated,fixed
r/AskElectronics 1dyi62v,lswjo43,djbkwon,not stated,fixed
r/AskElectronics 1dyi62v,m5end5o,DrChuManLu,not stated,fixed
r/AskElectronics 1dyi62v,lv5uecq,OccasionalBrat,newer (P301),fixed
r/AskElectronics 1dyi62v,n91y5gd,Octototoro,newer (P301),fixed
r/AskElectronics 1dyi62v,ncodl7x,pobox1663,newer (P301),fixed
r/AskElectronics 1dyi62v,ocxo6ou,FlashTutor,newer (P301),fixed
r/AskElectronics 1dyi62v,p36imyf,djdead,newer (P301),fixed
r/AskElectronics 1dyi62v,lz4nhz8,NSXelrate,not stated,fixed
r/AskElectronics 1dyi62v,m3egm8y,Mystfit,not stated,fixed
r/AskElectronics 1dyi62v,m7esnec,terribilus,not stated,fixed
r/AskElectronics 1dyi62v,m8o47uz,KC_Phantom,not stated,fixed
r/AskElectronics 1dyi62v,meyghfx,Levikus,not stated,fixed
r/AskElectronics 1dyi62v,mqjz64s,Gloomy_Contact5929,not stated,fixed
r/AskElectronics 1dyi62v,mxnbw5f,SeCritSquirrel,not stated,fixed
r/AskElectronics 1dyi62v,n2mgcea,crossivejoker,original (THA1),fixed
r/AskElectronics 1dyi62v,n3t5kkc,maio84,not stated,fixed
r/AskElectronics 1dyi62v,n4ltzyg,Pajkanon,not stated,fixed
r/AskElectronics 1dyi62v,ncso8hb,soarer25,not stated,fixed
r/AskElectronics 1dyi62v,nhp5vpw,Xenocop,not stated,fixed
r/AskElectronics 1dyi62v,np59ft9,Weary-Act6850,not stated,fixed
r/AskElectronics 1dyi62v,nqmomke,BurlySquid,not stated,fixed
r/AskElectronics 1dyi62v,nu6n939,d0m1n4t3,not stated,fixed
r/AskElectronics 1dyi62v,nwohu3y,fishsticks423,not stated,fixed
r/AskElectronics 1dyi62v,nxlpo6e,WanaGo,not stated,fixed
r/AskElectronics 1dyi62v,o1z4jvl,nopaxx2k,not stated,fixed
r/AskElectronics 1dyi62v,og9pyhc,_510Dan,not stated,fixed
r/AskElectronics 1dyi62v,p10byu0,articulationseries,newer (P301),fixed
r/AskElectronics 1dyi62v,p03oc14,TOASTMA5T3R,not stated,fixed
r/widescreengamingforum 10r8w19,mmobpap,subterraniac,not stated,fixed
r/widescreengamingforum 10r8w19,ooraapm,Jemmwah,not stated,fixed
r/widescreengamingforum 10r8w19,m6zdbwz,Moist_Size4747,not stated,fixed (by a repair shop)
r/widescreengamingforum 10r8w19,nyin4wd,Affectionate-Rich-75,not stated,fixed
r/widescreengamingforum 10r8w19,outw7xd,_sarcasme,not stated,fixed
r/widescreengamingforum 10r8w19,p61q22i,Dr_RevRend,not stated,fixed
r/AskElectronics 1dyi62v,lvn225a,Seabag_actual,newer (P301),not fixed
r/AskElectronics 1dyi62v,ma5w4ja,Dr_Scythe,newer (P301),not fixed
r/AskElectronics 1dyi62v,mey4c72,Zacky-182,newer (P301),not fixed
r/AskElectronics 1dyi62v,nj1fk8e,RedditAdmin1111,newer (P301),not fixed
r/AskElectronics 1dyi62v,n0ra0j9,Willing_Video1609,newer (P301),not fixed
r/AskElectronics 1dyi62v,oxiezx4,Chinoman10,newer (P301),not fixed
r/AskElectronics 1dyi62v,oqhvyld,LeadingString2039,newer (P301),not fixed
r/widescreengamingforum 10r8w19,oyapd26,No-Set2959,newer (P301),not fixed (later fixed by removing a shorted capacitor)
r/AskElectronics 1dyi62v,n670mzl,Super_Ad9854,original (THA1),not fixed
r/AskElectronics 1dyi62v,m58tmpk,weareblades,not stated,not fixed
r/AskElectronics 1dyi62v,m9dtjtu,geekonocito,not stated,not fixed
r/AskElectronics 1dyi62v,n3rwkpu,juantrev24,not stated,not fixed
r/AskElectronics 1dyi62v,njtyb1q,Boring_Check_3049,not stated,not fixed
r/AskElectronics 1dyi62v,nchui7n,R_Thorburn,not stated,not fixed
r/AskElectronics 1dyi62v,o4vmdxk,ladyjaina0000,not stated,not fixed
r/AskElectronics 1dyi62v,pdqecd0,HateLastForever,not stated,not fixed
r/widescreengamingforum 10r8w19,lnady4m,SivitriExMachina,not stated,not fixed
r/widescreengamingforum 10r8w19,nx5ofob,brucebuypower,not stated,not fixed
r/widescreengamingforum 10r8w19,o575use,TenantLord,not stated,not fixed (later fixed by removing a shorted part)
r/widescreengamingforum 10r8w19,n1q7ql4,mkonowaluk,not stated,made worse
r/AskElectronics 1dyi62v,p0wie1k,samurai_sed,newer (P301),made worse (part broken; no power afterwards)
r/AskElectronics 1dyi62v,ndv1ce9,Remarkable-Radio-248,not stated,failed again after an earlier owner's removal
